Model,Accuracy,Precision,Recall,F1-Score,ROC-AUC,PR-AUC
XGBoost Tuned + Optimal Threshold,0.9996137776061234,0.9418604651162791,0.826530612244898,0.8804347826086957,0.9805547500373251,0.8807445689090241
XGBoost scale_pos_weight (Notebook 4),0.999526,0.88172,0.836735,0.858639,0.968238,0.880004
Random Forest,0.9995962220427652,0.9411764705882352,0.8163265306122449,0.8743169398907104,0.9630272515590368,0.8733910547021404
LightGBM Tuned + Optimal Threshold,0.9992802219023208,0.7938144329896907,0.7857142857142857,0.7897435897435897,0.964107971902886,0.7904360626893493
Logistic Regression,0.9991397773954568,0.8266666666666667,0.6326530612244898,0.7167630057803468,0.9605494455801452,0.7413820992780461
