Feature,Mean |SHAP Value|
V14,2.889125
V4,1.7035661
V12,1.0508113
V11,0.8248438
V10,0.7751731
Time,0.5757604
V3,0.56085116
V8,0.54423
V19,0.44415754
Amount,0.43919194
V16,0.43667927
V7,0.40196535
V15,0.39266574
V26,0.3854059
V1,0.33298153
V24,0.3085183
V13,0.30074364
V22,0.29894933
V20,0.27304497
V5,0.2635917
V21,0.25951305
V9,0.24524643
V6,0.2443249
V18,0.24350119
V27,0.2431376
V2,0.23310128
V23,0.22496763
V25,0.22179677
V17,0.19382456
V28,0.1790524
